"label","probability"
"anthurium",0.9894292950630188
"artichoke",0.006094598211348057
"alpine_sea_holly",0.004476122558116913
