{"alpine_sea_holly": 0.99714, "anthurium": 0.00229, "artichoke": 0.00038, "ball_moss": 0.00012, "azalea": 7e-05}
