{
  "alpine_sea_holly": 0.9981447458267212,
  "anthurium": 1.6010968465707265e-05,
  "artichoke": 0.0015235934406518936,
  "azalea": 2.2820820504421135e-06,
  "ball_moss": 0.00031330727506428957
}
