{
  "anthurium": 0.8697358965873718,
  "alpine_sea_holly": 0.06686040759086609,
  "artichoke": 0.0634036660194397
}